<?xml version="1.0" encoding="UTF-8"?>
<project-private xmlns="http://www.netbeans.org/ns/project-private/1">
    <editor-bookmarks xmlns="http://www.netbeans.org/ns/editor-bookmarks/2" lastBookmarkId="0"/>
    <open-files xmlns="http://www.netbeans.org/ns/projectui-open-files/2">
        <group>
            <file>file:/C:/Users/MyLaptop/Documents/NetBeansProjects/POS/src/koneksi/TestKoneksi.java</file>
            <file>file:/C:/Users/MyLaptop/Documents/NetBeansProjects/POS/src/pos/Frame_Dashboard.java</file>
            <file>file:/C:/Users/MyLaptop/Documents/NetBeansProjects/POS/src/pos/Frame_Login.java</file>
            <file>file:/C:/Users/MyLaptop/Documents/NetBeansProjects/POS/src/pos/profil.java</file>
        </group>
    </open-files>
</project-private>
